Symbol,Name,LastSale,MarketCap,ADR TSO,IPOyear,Sector,Industry,Summary Quote,X10
VNET,"21Vianet Group, Inc.",8.39,524374404.31,62499929,2011,Technology,"Computer Software: Programming, Data Processing",https://www.nasdaq.com/symbol/vnet,
TWOU,"2U, Inc.",18.84,1193229346.44,,2014,Technology,Computer Software: Prepackaged Software,https://www.nasdaq.com/symbol/twou,
DDD,3D Systems Corporation,7.68,907409441.28,,,Technology,Computer Software: Prepackaged Software,https://www.nasdaq.com/symbol/ddd,
JOBS,"51job, Inc.",72.07,2842644830.17,39442831,2004,Technology,Diversified Commercial Services,https://www.nasdaq.com/symbol/jobs,
WUBA,58.com Inc.,55,8177150410,,2013,Technology,"Computer Software: Programming, Data Processing",https://www.nasdaq.com/symbol/wuba,
EGHT,8x8 Inc,22.61,2244890555.88,,,Technology,EDP Services,https://www.nasdaq.com/symbol/eght,
ATEN,"A10 Networks, Inc.",6.87,525933495.78,,2014,Technology,Computer Communications Equipment,https://www.nasdaq.com/symbol/aten,
AAN,"Aaron&#39;s,  Inc.",61.01,4121072791.97,,,Technology,Diversified Commercial Services,https://www.nasdaq.com/symbol/aan,
ACIA,"Acacia Communications, Inc.",63.73,2618016609.95,,2016,Technology,Semiconductors,https://www.nasdaq.com/symbol/acia,
ACIW,"ACI Worldwide, Inc.",31.3,3653162973.6,,,Technology,Computer Software: Prepackaged Software,https://www.nasdaq.com/symbol/aciw,
ACMR,"ACM Research, Inc.",14.33,260755472.42,,2017,Technology,Industrial Machinery/Components,https://www.nasdaq.com/symbol/acmr,
ATVI,"Activision Blizzard, Inc",55.19,42332161628.6,,,Technology,Computer Software: Prepackaged Software,https://www.nasdaq.com/symbol/atvi,
ATU,Actuant Corporation,24.5,1505716859.5,,,Technology,Industrial Machinery/Components,https://www.nasdaq.com/symbol/atu,
IOTS,Adesto Technologies Corporation,10.87,326870552.56,,2015,Technology,Semiconductors,https://www.nasdaq.com/symbol/iots,
ADBE,Adobe Inc.,279.3,135583046226.6,,1986,Technology,Computer Software: Prepackaged Software,https://www.nasdaq.com/symbol/adbe,
AMD,"Advanced Micro Devices, Inc.",30.5,33109163949.5,,,Technology,Semiconductors,https://www.nasdaq.com/symbol/amd,
AER,Aercap Holdings N.V.,55.49,7580099693.14,,2006,Technology,Diversified Commercial Services,https://www.nasdaq.com/symbol/aer,
ACY,AeroCentury Corp.,6.36,9831822.24,,,Technology,Diversified Commercial Services,https://www.nasdaq.com/symbol/acy,
AGYS,"Agilysys, Inc.",25.75,609641035,,,Technology,EDP Services,https://www.nasdaq.com/symbol/agys,
AGMH,AGM Group Holdings Inc.,16.58,353420191.9,,2018,Technology,EDP Services,https://www.nasdaq.com/symbol/agmh,
AL,Air Lease Corporation,42.91,4792019305.5,,2011,Technology,Diversified Commercial Services,https://www.nasdaq.com/symbol/al,
AYR,Aircastle Limited,22.64,1696886044.08,,2006,Technology,Diversified Commercial Services,https://www.nasdaq.com/symbol/ayr,
AIRG,"Airgain, Inc.",11.17,108519286.65,,2016,Technology,Radio And Television Broadcasting And Communications Equipment,https://www.nasdaq.com/symbol/airg,
ANTE,AirNet Technology Inc.,0.95,8583771.55,9035549,,Technology,Advertising,https://www.nasdaq.com/symbol/ante,
KERN,Akerna Corp.,8.24,61233500,,2018,Technology,EDP Services,https://www.nasdaq.com/symbol/kern,
KERNW,Akerna Corp.,1.0627,0,,2018,Technology,EDP Services,https://www.nasdaq.com/symbol/kernw,
ALRM,"Alarm.com Holdings, Inc.",47.16,2286649419.48,,2015,Technology,Computer Software: Prepackaged Software,https://www.nasdaq.com/symbol/alrm,
ALYA,Alithya Group inc.,2.81,136287537.43,,,Technology,"Computer Software: Programming, Data Processing",https://www.nasdaq.com/symbol/alya,
ALLT,Allot Ltd.,7.43,255235085.09,,2006,Technology,Computer Communications Equipment,https://www.nasdaq.com/symbol/allt,
MDRX,"Allscripts Healthcare Solutions, Inc.",9.46,1576541939.72,,,Technology,EDP Services,https://www.nasdaq.com/symbol/mdrx,
AOSL,Alpha and Omega Semiconductor Limited,12.29,301345023.7,,2010,Technology,Semiconductors,https://www.nasdaq.com/symbol/aosl,
GOOG,Alphabet Inc.,1204.41,835135906723.5,,2004,Technology,"Computer Software: Programming, Data Processing",https://www.nasdaq.com/symbol/goog,
GOOGL,Alphabet Inc.,1205.27,835732229304.5,,,Technology,"Computer Software: Programming, Data Processing",https://www.nasdaq.com/symbol/googl,
AABA,Altaba Inc.,70.11,36422941870.26,,,Technology,EDP Services,https://www.nasdaq.com/symbol/aaba,
ALTR,Altair Engineering Inc.,32.46,2325293491.14,,2017,Technology,Computer Software: Prepackaged Software,https://www.nasdaq.com/symbol/altr,
AYX,"Alteryx, Inc.",120.48,7831169880,,2017,Technology,Computer Software: Prepackaged Software,https://www.nasdaq.com/symbol/ayx,
AMBA,"Ambarella, Inc.",64.95,2147250247.5,,2012,Technology,Semiconductors,https://www.nasdaq.com/symbol/amba,
DOX,Amdocs Limited,66.37,9018952930,,,Technology,EDP Services,https://www.nasdaq.com/symbol/dox,
AMRH,"Ameri Holdings, Inc.",0.2258,11835913.9504,,,Technology,Semiconductors,https://www.nasdaq.com/symbol/amrh,
AMRHW,"Ameri Holdings, Inc.",0.03,0,,,Technology,Semiconductors,https://www.nasdaq.com/symbol/amrhw,
AMSWA,"American Software, Inc.",14.99,470029572.91,,,Technology,Computer Software: Prepackaged Software,https://www.nasdaq.com/symbol/amswa,
AMKR,"Amkor Technology, Inc.",9.15,2193291901.95,,1998,Technology,Semiconductors,https://www.nasdaq.com/symbol/amkr,
AMN,AMN Healthcare Services Inc,58.09,2710605978.11,,,Technology,Professional Services,https://www.nasdaq.com/symbol/amn,
ASYS,"Amtech Systems, Inc.",5.05,72048890.35,,,Technology,Industrial Machinery/Components,https://www.nasdaq.com/symbol/asys,
ADI,"Analog Devices, Inc.",112.87,41694870570.32,,,Technology,Semiconductors,https://www.nasdaq.com/symbol/adi,
PLAN,"Anaplan, Inc.",48.25,6232109780.25,,2018,Technology,Computer Software: Prepackaged Software,https://www.nasdaq.com/symbol/plan,
ANSS,"ANSYS, Inc.",214.58,18046342582.86,,1996,Technology,Computer Software: Prepackaged Software,https://www.nasdaq.com/symbol/anss,
APY,Apergy Corporation,29.2,2261827503.2,,2018,Technology,Industrial Machinery/Components,https://www.nasdaq.com/symbol/apy,
APPF,"AppFolio, Inc.",94.96,3232771139.84,,2015,Technology,Computer Software: Prepackaged Software,https://www.nasdaq.com/symbol/appf,
APPN,Appian Corporation,49,3179326486,,2017,Technology,Computer Software: Prepackaged Software,https://www.nasdaq.com/symbol/appn,
AAPL,Apple Inc.,214.17,967872780600,,1980,Technology,Computer Manufacturing,https://www.nasdaq.com/symbol/aapl,
AMAT,"Applied Materials, Inc.",50.66,46797365278.96,,1972,Technology,Semiconductors,https://www.nasdaq.com/symbol/amat,
AAOI,"Applied Optoelectronics, Inc.",10.58,211906068.82,,2013,Technology,Semiconductors,https://www.nasdaq.com/symbol/aaoi,
AQ,Aquantia Corp.,13.15,474522128.95,,2017,Technology,Semiconductors,https://www.nasdaq.com/symbol/aq,
ANET,"Arista Networks, Inc.",231.13,17714797521.26,,2014,Technology,Computer Communications Equipment,https://www.nasdaq.com/symbol/anet,
ARW,"Arrow Electronics, Inc.",74.22,6170678112.96,,,Technology,Electronic Components,https://www.nasdaq.com/symbol/arw,
ASX,"ASE Technology Holding Co., Ltd.",4.51,9585614731.66,,2018,Technology,Semiconductors,https://www.nasdaq.com/symbol/asx,
ASGN,ASGN Incorporated,65,3438500000,,1992,Technology,Professional Services,https://www.nasdaq.com/symbol/asgn,
ASML,ASML Holding N.V.,241.33,17661761630.98,73185106,1995,Technology,Industrial Machinery/Components,https://www.nasdaq.com/symbol/asml,
AZPN,"Aspen Technology, Inc.",125.54,8657749724.42,,1994,Technology,EDP Services,https://www.nasdaq.com/symbol/azpn,
ALOT,"AstroNova, Inc.",15.57,109114995.96,,1983,Technology,Computer peripheral equipment,https://www.nasdaq.com/symbol/alot,
ASUR,Asure Software Inc,6.47,100617946.2,,,Technology,EDP Services,https://www.nasdaq.com/symbol/asur,
TEAM,Atlassian Corporation Plc,126.27,30556850703.75,,2015,Technology,Computer Software: Prepackaged Software,https://www.nasdaq.com/symbol/team,
ATOM,Atomera Incorporated,3.7,63173692.7,,2016,Technology,Semiconductors,https://www.nasdaq.com/symbol/atom,
AUO,AU Optronics Corp,2.57,2473430993.27,,2002,Technology,Semiconductors,https://www.nasdaq.com/symbol/auo,
AEYE,"AudioEye, Inc.",4.12,31577406.28,,,Technology,Computer Software: Prepackaged Software,https://www.nasdaq.com/symbol/aeye,
JG,Aurora Mobile Limited,3.44,126402445.68,36744897,2018,Technology,"Computer Software: Programming, Data Processing",https://www.nasdaq.com/symbol/jg,
ADSK,"Autodesk, Inc.",151.02,33166948971.6,,,Technology,Computer Software: Prepackaged Software,https://www.nasdaq.com/symbol/adsk,
ATHM,Autohome Inc.,93.78,11071324034.1,,2013,Technology,EDP Services,https://www.nasdaq.com/symbol/athm,
ADP,"Automatic Data Processing, Inc.",168.05,72924093757.85,,,Technology,EDP Services,https://www.nasdaq.com/symbol/adp,
AUTO,"AutoWeb, Inc.",2.51,32998545.81,,,Technology,"Computer Software: Programming, Data Processing",https://www.nasdaq.com/symbol/auto,
AVLR,"Avalara, Inc.",74.8,5646893678.8,,2018,Technology,Computer Software: Prepackaged Software,https://www.nasdaq.com/symbol/avlr,
AVNW,"Aviat Networks, Inc.",14.33,76878314.83,,,Technology,Radio And Television Broadcasting And Communications Equipment,https://www.nasdaq.com/symbol/avnw,
AVID,"Avid Technology, Inc.",6.81,292529753.91,,1993,Technology,Computer Software: Prepackaged Software,https://www.nasdaq.com/symbol/avid,
AVT,"Avnet, Inc.",44.23,4583106894.33,,,Technology,Electronic Components,https://www.nasdaq.com/symbol/avt,
AWRE,"Aware, Inc.",2.8959,62472520.9332,,1996,Technology,Computer Software: Prepackaged Software,https://www.nasdaq.com/symbol/awre,
ACLS,"Axcelis Technologies, Inc.",16.36,528952567.04,,2000,Technology,Industrial Machinery/Components,https://www.nasdaq.com/symbol/acls,
AXTI,AXT Inc,3.8,152777411.6,,1998,Technology,Semiconductors,https://www.nasdaq.com/symbol/axti,
BOSC,B.O.S. Better Online Solutions,2.6991,11494066.0671,,,Technology,Computer Communications Equipment,https://www.nasdaq.com/symbol/bosc,
BIDU,"Baidu, Inc.",105.06,29276520736.2,278664770,2005,Technology,"Computer Software: Programming, Data Processing",https://www.nasdaq.com/symbol/bidu,
BAND,Bandwidth Inc.,80.37,1879834046.76,,2017,Technology,Computer Software: Prepackaged Software,https://www.nasdaq.com/symbol/band,
BBSI,"Barrett Business Services, Inc.",86.82,648526299.6,,1993,Technology,Professional Services,https://www.nasdaq.com/symbol/bbsi,
BHE,"Benchmark Electronics, Inc.",28.14,1058836808.82,,,Technology,Electrical Products,https://www.nasdaq.com/symbol/bhe,
BNFT,"Benefitfocus, Inc.",24.24,792575207.28,,2013,Technology,Computer Software: Prepackaged Software,https://www.nasdaq.com/symbol/bnft,
BGSF,BG Staffing Inc,19.03,194766683.54,,,Technology,Professional Services,https://www.nasdaq.com/symbol/bgsf,
BILI,Bilibili Inc.,14.34,2060119834.14,143662471,2018,Technology,EDP Services,https://www.nasdaq.com/symbol/bili,
BKYI,"BIO-key International, Inc.",0.62,8926149.3,,,Technology,Computer Communications Equipment,https://www.nasdaq.com/symbol/bkyi,
BITA,Bitauto Holdings Limited,12.64,886905533.28,,2010,Technology,EDP Services,https://www.nasdaq.com/symbol/bita,
BKTI,BK Technologies Corporation,3.75,47669842.5,,,Technology,Radio And Television Broadcasting And Communications Equipment,https://www.nasdaq.com/symbol/bkti,
BKI,"Black Knight, Inc.",63.1,9437995093,,2017,Technology,Computer Software: Prepackaged Software,https://www.nasdaq.com/symbol/bki,
BLKB,"Blackbaud, Inc.",89.73,4412336180.94,,2004,Technology,Computer Software: Prepackaged Software,https://www.nasdaq.com/symbol/blkb,
BB,BlackBerry Limited,6.98,3827384582,,,Technology,Computer Software: Prepackaged Software,https://www.nasdaq.com/symbol/bb,
BL,"BlackLine, Inc.",47.77,2642730936.83,,2016,Technology,Computer Software: Prepackaged Software,https://www.nasdaq.com/symbol/bl,
BDR,"Blonder Tongue Laboratories, Inc.",0.633,6090546.228,,,Technology,Radio And Television Broadcasting And Communications Equipment,https://www.nasdaq.com/symbol/bdr,
BRQS,"Borqs Technologies, Inc.",1.9,59476365,,2015,Technology,EDP Services,https://www.nasdaq.com/symbol/brqs,
EPAY,"Bottomline Technologies, Inc.",40.66,1770377019.34,,1999,Technology,Computer Software: Prepackaged Software,https://www.nasdaq.com/symbol/epay,
BOX,"Box, Inc.",17.7,2593059133.2,,2015,Technology,Computer Software: Prepackaged Software,https://www.nasdaq.com/symbol/box,
BLIN,"Bridgeline Digital, Inc.",2.14,5979819.12,,,Technology,Computer Software: Prepackaged Software,https://www.nasdaq.com/symbol/blin,
BCOV,Brightcove Inc.,10.89,416854563.84,,2012,Technology,EDP Services,https://www.nasdaq.com/symbol/bcov,
AVGO,Broadcom Inc.,292.61,116480309073.36,,2009,Technology,Semiconductors,https://www.nasdaq.com/symbol/avgo,
BVSN,"BroadVision, Inc.",1.3467,6815672.9406,,1996,Technology,Computer Software: Prepackaged Software,https://www.nasdaq.com/symbol/bvsn,
BRKS,"Brooks Automation, Inc.",35.72,2579855782.32,,1995,Technology,Industrial Machinery/Components,https://www.nasdaq.com/symbol/brks,
CCMP,Cabot Microelectronics Corporation,131.86,3828737726.1,,2000,Technology,Semiconductors,https://www.nasdaq.com/symbol/ccmp,
CACI,"CACI International, Inc.",219.5,5461499347,,,Technology,EDP Services,https://www.nasdaq.com/symbol/caci,
CDNS,"Cadence Design Systems, Inc.",68.41,19165266730,,,Technology,Computer Software: Prepackaged Software,https://www.nasdaq.com/symbol/cdns,
CAI,"CAI International, Inc.",22.65,394553600.25,,,Technology,Diversified Commercial Services,https://www.nasdaq.com/symbol/cai,
CAMP,CalAmp Corp.,10.81,363536992.14,,1983,Technology,Radio And Television Broadcasting And Communications Equipment,https://www.nasdaq.com/symbol/camp,
CMBM,Cambium Networks Corporation,10.7,274265032.2,,2019,Technology,Radio And Television Broadcasting And Communications Equipment,https://www.nasdaq.com/symbol/cmbm,
CSIQ,Canadian Solar Inc.,21.41,1268772550.45,,2006,Technology,Semiconductors,https://www.nasdaq.com/symbol/csiq,
CANG,Cango Inc.,5.2,787305719.2,,2018,Technology,Computer Software: Prepackaged Software,https://www.nasdaq.com/symbol/cang,
CBLK,"Carbon Black, Inc.",26.01,1931280604.65,,2018,Technology,Computer Software: Prepackaged Software,https://www.nasdaq.com/symbol/cblk,
CARB,"Carbonite, Inc.",14.82,514101531.84,,2011,Technology,EDP Services,https://www.nasdaq.com/symbol/carb,
CDLX,"Cardlytics, Inc.",38.27,874165559.66,,2018,Technology,"Computer Software: Programming, Data Processing",https://www.nasdaq.com/symbol/cdlx,
CARG,"CarGurus, Inc.",33.87,3779258631,,2017,Technology,EDP Services,https://www.nasdaq.com/symbol/carg,
CARS,Cars.com Inc.,8.94,596046383.7,,2017,Technology,EDP Services,https://www.nasdaq.com/symbol/cars,
CASA,"Casa Systems, Inc.",6.75,567208588.5,,2017,Technology,Radio And Television Broadcasting And Communications Equipment,https://www.nasdaq.com/symbol/casa,
CSLT,"Castlight Health, inc.",1.49,216423987.02,,2014,Technology,EDP Services,https://www.nasdaq.com/symbol/cslt,
CLS,"Celestica, Inc.",7.3,801706549.5,,1998,Technology,Electrical Products,https://www.nasdaq.com/symbol/cls,
CRNT,Ceragon Networks Ltd.,2.4,192552319.2,,,Technology,Radio And Television Broadcasting And Communications Equipment,https://www.nasdaq.com/symbol/crnt,
CDAY,Ceridian HCM Holding Inc.,52.7,7357912235.6,,2018,Technology,Computer Software: Prepackaged Software,https://www.nasdaq.com/symbol/cday,
CERN,Cerner Corporation,66.5,21173197608.5,,1986,Technology,EDP Services,https://www.nasdaq.com/symbol/cern,
CEVA,"CEVA, Inc.",31.31,687723022.84,,,Technology,Semiconductors,https://www.nasdaq.com/symbol/ceva,
CHNG,Change Healthcare Inc.,11.99,1496956895.5,,2019,Technology,EDP Services,https://www.nasdaq.com/symbol/chng,
CHNGU,Change Healthcare Inc.,48.44,0,,2019,Technology,EDP Services,https://www.nasdaq.com/symbol/chngu,
CYOU,Changyou.com Limited,8.84,172963935.04,19566056,2009,Technology,Computer Software: Prepackaged Software,https://www.nasdaq.com/symbol/cyou,
ECOM,ChannelAdvisor Corporation,9.24,259114280.04,,2013,Technology,Computer Software: Prepackaged Software,https://www.nasdaq.com/symbol/ecom,
CHKP,Check Point Software Technologies Ltd.,109.89,16729599534.12,,1996,Technology,Computer Software: Prepackaged Software,https://www.nasdaq.com/symbol/chkp,
CMCM,Cheetah Mobile Inc.,4.17,597704110.23,,2014,Technology,Computer Software: Prepackaged Software,https://www.nasdaq.com/symbol/cmcm,
CVR,Chicago Rivet & Machine Co.,27.1951,26274056.3532,,,Technology,Industrial Machinery/Components,https://www.nasdaq.com/symbol/cvr,
CIH,China Index Holdings Limited,3.5,221881142,63394612,,Technology,EDP Services,https://www.nasdaq.com/symbol/cih,
CNET,"ChinaNet Online Holdings, Inc.",1.33,21828682.19,,,Technology,"Computer Software: Programming, Data Processing",https://www.nasdaq.com/symbol/cnet,
IMOS,ChipMOS TECHNOLOGIES INC.,20.48,101076500.48,4935376,,Technology,Semiconductors,https://www.nasdaq.com/symbol/imos,
CRUS,"Cirrus Logic, Inc.",54.62,3175634765.44,,1989,Technology,Semiconductors,https://www.nasdaq.com/symbol/crus,
CSCO,"Cisco Systems, Inc.",48.58,207958009528.64,,1990,Technology,Computer Communications Equipment,https://www.nasdaq.com/symbol/csco,
CISN,Cision Ltd.,7.44,1103980434.48,,2017,Technology,Computer Software: Prepackaged Software,https://www.nasdaq.com/symbol/cisn,
CTXS,"Citrix Systems, Inc.",94.97,12431773671.61,,1995,Technology,Computer Software: Prepackaged Software,https://www.nasdaq.com/symbol/ctxs,
CCC,Clarivate Analytics Plc,16.94,5171539436.14,,2019,Technology,EDP Services,https://www.nasdaq.com/symbol/ccc,
CLDR,"Cloudera, Inc.",8.76,2402057638.68,,2017,Technology,Computer Software: Prepackaged Software,https://www.nasdaq.com/symbol/cldr,
CLPS,CLPS Incorporation,5.02,69844269.02,,2018,Technology,Computer Software: Prepackaged Software,https://www.nasdaq.com/symbol/clps,
CTSH,Cognizant Technology Solutions Corporation,64.18,35446040487.52,,1998,Technology,EDP Services,https://www.nasdaq.com/symbol/ctsh,
CCNI,"Command Center, Inc.",6.88,89934300.48,,,Technology,Professional Services,https://www.nasdaq.com/symbol/ccni,
COMM,"CommScope Holding Company, Inc.",12,2329269396,,2013,Technology,Radio And Television Broadcasting And Communications Equipment,https://www.nasdaq.com/symbol/comm,
CVLT,"Commvault Systems, Inc.",45.87,2072384169.57,,2006,Technology,Computer Software: Prepackaged Software,https://www.nasdaq.com/symbol/cvlt,
CPSI,"Computer Programs and Systems, Inc.",21.64,310646095.2,,2002,Technology,EDP Services,https://www.nasdaq.com/symbol/cpsi,
CTG,"Computer Task Group, Incorporated",5.26,75974992.9,,,Technology,EDP Services,https://www.nasdaq.com/symbol/ctg,
CMTL,Comtech Telecommunications Corp.,27.64,667171058.48,,,Technology,Radio And Television Broadcasting And Communications Equipment,https://www.nasdaq.com/symbol/cmtl,
AWSM,Cool Holdings Inc.,1.7,15212907.3,,,Technology,Electronic Components,https://www.nasdaq.com/symbol/awsm,
CTK,CooTek (Cayman) Inc.,5.01,318664176.24,,2018,Technology,EDP Services,https://www.nasdaq.com/symbol/ctk,
CLGX,"CoreLogic, Inc.",47.84,3833624959.84,,,Technology,EDP Services,https://www.nasdaq.com/symbol/clgx,
CSOD,"Cornerstone OnDemand, Inc.",53.78,3263440959.36,,2011,Technology,Computer Software: Prepackaged Software,https://www.nasdaq.com/symbol/csod,
CPAH,CounterPath Corporation,1.12,6666472.96,,,Technology,Computer Software: Prepackaged Software,https://www.nasdaq.com/symbol/cpah,
COUP,Coupa Software Incorporated,136.88,8455185324.56,,2016,Technology,Computer Software: Prepackaged Software,https://www.nasdaq.com/symbol/coup,
CRAY,Cray Inc,34.95,1447429994.7,,,Technology,Computer Manufacturing,https://www.nasdaq.com/symbol/cray,
CREX,"Creative Realities, Inc.",1.95,18998432.7,,,Technology,EDP Services,https://www.nasdaq.com/symbol/crex,
CREXW,"Creative Realities, Inc.",0.3,0,,,Technology,EDP Services,https://www.nasdaq.com/symbol/crexw,
CREE,"Cree, Inc.",47.02,5029989796.76,,1993,Technology,Semiconductors,https://www.nasdaq.com/symbol/cree,
CRTO,Criteo S.A.,19.13,1209392325.36,63219672,2013,Technology,Advertising,https://www.nasdaq.com/symbol/crto,
CCRN,"Cross Country Healthcare, Inc.",10.56,389561525.76,,2001,Technology,Professional Services,https://www.nasdaq.com/symbol/ccrn,
CRWD,"CrowdStrike Holdings, Inc.",67.1,482673852.1,,2019,Technology,Computer Software: Prepackaged Software,https://www.nasdaq.com/symbol/crwd,
CSGS,"CSG Systems International, Inc.",53.11,1753038840.78,,1996,Technology,EDP Services,https://www.nasdaq.com/symbol/csgs,
CSPI,CSP Inc.,13.5713,56371678.8046,,1982,Technology,EDP Services,https://www.nasdaq.com/symbol/cspi,
CTS,CTS Corporation,30.2,986597790.2,,,Technology,Electrical Products,https://www.nasdaq.com/symbol/cts,
CUI,"CUI Global, Inc.",0.69,19789379.4,,,Technology,Electronic Components,https://www.nasdaq.com/symbol/cui,
CW,Curtiss-Wright Corporation,128.64,5496799806.72,,,Technology,Industrial Machinery/Components,https://www.nasdaq.com/symbol/cw,
CVV,CVD Equipment Corporation,3.66,23993386.2,,,Technology,Industrial Machinery/Components,https://www.nasdaq.com/symbol/cvv,
CYBR,CyberArk Software Ltd.,107.4,4053341191.8,,2014,Technology,Computer Software: Prepackaged Software,https://www.nasdaq.com/symbol/cybr,
CY,Cypress Semiconductor Corporation,23.19,8564423801.34,,1986,Technology,Semiconductors,https://www.nasdaq.com/symbol/cy,
CYRN,CYREN Ltd.,1.77,96485013.39,,,Technology,Computer Software: Prepackaged Software,https://www.nasdaq.com/symbol/cyrn,
DQ,DAQO New Energy Corp.,48.27,641083041.3,,2010,Technology,Semiconductors,https://www.nasdaq.com/symbol/dq,
DTSS,Datasea Inc.,1,20943846,,,Technology,Computer Software: Prepackaged Software,https://www.nasdaq.com/symbol/dtss,
DELL,Dell Technologies Inc.,54.29,39010857312.83,,2018,Technology,Computer Manufacturing,https://www.nasdaq.com/symbol/dell,
DGII,Digi International Inc.,13.19,371121068.12,,1989,Technology,Computer Communications Equipment,https://www.nasdaq.com/symbol/dgii,
DMRC,Digimarc Corporation,38.53,479052968.38,,,Technology,EDP Services,https://www.nasdaq.com/symbol/dmrc,
DGLY,"Digital Ally, Inc.",1.53,17768566.26,,,Technology,Radio And Television Broadcasting And Communications Equipment,https://www.nasdaq.com/symbol/dgly,
DIOD,Diodes Incorporated,39.32,2005169089.84,,,Technology,Semiconductors,https://www.nasdaq.com/symbol/diod,
DLHC,DLH Holdings Corp.,4.15,49950068.15,,,Technology,Professional Services,https://www.nasdaq.com/symbol/dlhc,
DOCU,"DocuSign, Inc.",58.57,10179466000,,2018,Technology,Computer Software: Prepackaged Software,https://www.nasdaq.com/symbol/docu,
DOMO,"Domo, Inc.",15.95,436579492.25,,2018,Technology,Computer Software: Prepackaged Software,https://www.nasdaq.com/symbol/domo,
DOYU,DouYu International Holdings Limited,9.78,659045935.8,67387110,2019,Technology,"Computer Software: Programming, Data Processing",https://www.nasdaq.com/symbol/doyu,
DOV,Dover Corporation,95.53,13893669690.45,,,Technology,Industrial Machinery/Components,https://www.nasdaq.com/symbol/dov,
DBX,"Dropbox, Inc.",19.48,8052746695.92,,2018,Technology,Computer Software: Prepackaged Software,https://www.nasdaq.com/symbol/dbx,
DSPG,"DSP Group, Inc.",13.53,310132725.21,,1994,Technology,Semiconductors,https://www.nasdaq.com/symbol/dspg,
DXC,DXC Technology Company,34.96,9158208195.92,,,Technology,EDP Services,https://www.nasdaq.com/symbol/dxc,
DT,"Dynatrace, Inc.",21.51,5926821067.89,,2019,Technology,Computer Software: Prepackaged Software,https://www.nasdaq.com/symbol/dt,
ETN,"Eaton Corporation, PLC",84.85,35637000000,,,Technology,Industrial Machinery/Components,https://www.nasdaq.com/symbol/etn,
EBIX,"Ebix, Inc.",38.5,1173827231.5,,,Technology,EDP Services,https://www.nasdaq.com/symbol/ebix,
SATS,EchoStar Corporation,44.17,4302442013.1,,,Technology,Radio And Television Broadcasting And Communications Equipment,https://www.nasdaq.com/symbol/sats,
SATSV,EchoStar Corporation,35.55,3462798586.5,,,Technology,Radio And Television Broadcasting And Communications Equipment,https://www.nasdaq.com/symbol/satsv,
EGAN,eGain Corporation,8.23,249519279.8,,1999,Technology,Computer Software: Prepackaged Software,https://www.nasdaq.com/symbol/egan,
ESTC,Elastic N.V.,84.99,6503869608.84,,2018,Technology,Computer Software: Prepackaged Software,https://www.nasdaq.com/symbol/estc,
EA,Electronic Arts Inc.,98.68,29081735211.88,,,Technology,Computer Software: Prepackaged Software,https://www.nasdaq.com/symbol/ea,
ELTK,Eltek Ltd.,4.12,18046704.16,,1997,Technology,Electrical Products,https://www.nasdaq.com/symbol/eltk,
EMAN,eMagin Corporation,0.4249,20893936.1477,,,Technology,Semiconductors,https://www.nasdaq.com/symbol/eman,
EMKR,EMCORE Corporation,2.91,83691931.74,,1997,Technology,Semiconductors,https://www.nasdaq.com/symbol/emkr,
DAVA,Endava plc,36.7,1991196227.6,,2018,Technology,EDP Services,https://www.nasdaq.com/symbol/dava,
EIGI,"Endurance International Group Holdings, Inc.",5.67,828133193.79,,2013,Technology,Computer Software: Prepackaged Software,https://www.nasdaq.com/symbol/eigi,
WATT,Energous Corporation,3.62,110907822.4,,2014,Technology,Radio And Television Broadcasting And Communications Equipment,https://www.nasdaq.com/symbol/watt,
ERII,"Energy Recovery, Inc.",10,549646370,,2008,Technology,Industrial Machinery/Components,https://www.nasdaq.com/symbol/erii,
ENPH,"Enphase Energy, Inc.",23.8,2903002739,,2012,Technology,Semiconductors,https://www.nasdaq.com/symbol/enph,
EVSI,"Envision Solar International, Inc.",5,25571480,,,Technology,Semiconductors,https://www.nasdaq.com/symbol/evsi,
EVSIW,"Envision Solar International, Inc.",1.25,0,,,Technology,Semiconductors,https://www.nasdaq.com/symbol/evsiw,
EPAM,"EPAM Systems, Inc.",193.48,10612433915.72,,2012,Technology,EDP Services,https://www.nasdaq.com/symbol/epam,
PLUS,ePlus inc.,83.84,1132346980.48,,1996,Technology,Retail: Computer Software & Peripheral Equipment,https://www.nasdaq.com/symbol/plus,
ERIC,Ericsson,7.94,2536861299.48,319503942,,Technology,Radio And Television Broadcasting And Communications Equipment,https://www.nasdaq.com/symbol/eric,
EB,"Eventbrite, Inc.",17.49,1448754906.72,,2018,Technology,"Computer Software: Programming, Data Processing",https://www.nasdaq.com/symbol/eb,
EVBG,"Everbridge, Inc.",69.92,2346744887.2,,2016,Technology,Computer Software: Prepackaged Software,https://www.nasdaq.com/symbol/evbg,
EVER,"EverQuote, Inc.",21.35,550960149.6,,2018,Technology,"Computer Software: Programming, Data Processing",https://www.nasdaq.com/symbol/ever,
MRAM,"Everspin Technologies, Inc.",6.63,113714299.14,,2016,Technology,Semiconductors,https://www.nasdaq.com/symbol/mram,
EVTC,"Evertec, Inc.",35.69,2567164033.45,,2013,Technology,EDP Services,https://www.nasdaq.com/symbol/evtc,
EVOL,"Evolving Systems, Inc.",0.8254,10038737.658,,1998,Technology,EDP Services,https://www.nasdaq.com/symbol/evol,
AQUA,Evoqua Water Technologies Corp.,15.75,1800917322.75,,2017,Technology,Industrial Machinery/Components,https://www.nasdaq.com/symbol/aqua,
EXTN,Exterran Corporation,11.64,410813651.16,,2015,Technology,Diversified Commercial Services,https://www.nasdaq.com/symbol/extn,
EXTR,"Extreme Networks, Inc.",6.9,822286800,,1999,Technology,Computer Communications Equipment,https://www.nasdaq.com/symbol/extr,
FFIV,"F5 Networks, Inc.",134.73,8101317729.33,,1999,Technology,Computer Communications Equipment,https://www.nasdaq.com/symbol/ffiv,
FB,"Facebook, Inc.",188.76,538522936002.48,,2012,Technology,"Computer Software: Programming, Data Processing",https://www.nasdaq.com/symbol/fb,
FDS,FactSet Research Systems Inc.,268.78,10282433434.66,,1996,Technology,"Computer Software: Programming, Data Processing",https://www.nasdaq.com/symbol/fds,
SFUN,Fang Holdings Limited,1.91,856573889.55,,2010,Technology,EDP Services,https://www.nasdaq.com/symbol/sfun,
FSLY,"Fastly, Inc.",27.23,2545199128.15,,2019,Technology,Computer Software: Prepackaged Software,https://www.nasdaq.com/symbol/fsly,
FNSR,Finisar Corporation,22.74,2745419278.86,,1999,Technology,Semiconductors,https://www.nasdaq.com/symbol/fnsr,
FEYE,"FireEye, Inc.",13.91,2987218403,,2013,Technology,Computer peripheral equipment,https://www.nasdaq.com/symbol/feye,
FSLR,"First Solar, Inc.",62,6534475120,,2006,Technology,Semiconductors,https://www.nasdaq.com/symbol/fslr,
FISV,"Fiserv, Inc.",106.68,72508850846.88,,1986,Technology,EDP Services,https://www.nasdaq.com/symbol/fisv,
FIT,"Fitbit, Inc.",3.49,901625742.65,,2015,Technology,Computer Manufacturing,https://www.nasdaq.com/symbol/fit,
FIVN,"Five9, Inc.",58.9,3572245006.9,,2014,Technology,EDP Services,https://www.nasdaq.com/symbol/fivn,
FLEX,Flex Ltd.,10.55,5430375367.65,,1994,Technology,Electrical Products,https://www.nasdaq.com/symbol/flex,
FPAY,"FlexShopper, Inc.",1.74,30739175.82,,,Technology,Diversified Commercial Services,https://www.nasdaq.com/symbol/fpay,
FPAYW,"FlexShopper, Inc.",0.74,0,,,Technology,Diversified Commercial Services,https://www.nasdaq.com/symbol/fpayw,
FSCT,"ForeScout Technologies, Inc.",35.23,1628012050.34,,2017,Technology,Computer peripheral equipment,https://www.nasdaq.com/symbol/fsct,
FRSX,Foresight Autonomous Holdings Ltd.,1.4,6831304.2,4879503,,Technology,Computer Software: Prepackaged Software,https://www.nasdaq.com/symbol/frsx,
FORM,"FormFactor, Inc.",18.24,1371379014.72,,2003,Technology,Semiconductors,https://www.nasdaq.com/symbol/form,
FORTY,Formula Systems (1985) Ltd.,61.87,8975666.51,145073,,Technology,EDP Services,https://www.nasdaq.com/symbol/forty,
FTNT,"Fortinet, Inc.",79.01,13510033437.37,,2009,Technology,Computer peripheral equipment,https://www.nasdaq.com/symbol/ftnt,
FTEO,"FRONTEO, Inc.",5.16,293934.24,56964,2013,Technology,EDP Services,https://www.nasdaq.com/symbol/fteo,
GDI,"Gardner Denver Holdings, Inc.",28.77,5871946038.63,,2017,Technology,Industrial Machinery/Components,https://www.nasdaq.com/symbol/gdi,
GTES,Gates Industrial Corporation plc,9.84,2854671280.8,,2018,Technology,Industrial Machinery/Components,https://www.nasdaq.com/symbol/gtes,
GDS,GDS Holdings Limited,40.99,3625789059.46,88455454,2016,Technology,"Computer Software: Programming, Data Processing",https://www.nasdaq.com/symbol/gds,
JOB,GEE Group Inc.,0.55,6896126.05,,,Technology,Diversified Commercial Services,https://www.nasdaq.com/symbol/job,
GFN,General Finance Corporation,7.09,215119965.89,,,Technology,Diversified Commercial Services,https://www.nasdaq.com/symbol/gfn,
GFNCP,General Finance Corporation,102.25,40910225,,,Technology,Diversified Commercial Services,https://www.nasdaq.com/symbol/gfncp,
GFNSL,General Finance Corporation,26.25,0,,,Technology,Diversified Commercial Services,https://www.nasdaq.com/symbol/gfnsl,
GIGM,GigaMedia Limited,2.3601,26084379.8235,,,Technology,"Computer Software: Programming, Data Processing",https://www.nasdaq.com/symbol/gigm,
GILT,Gilat Satellite Networks Ltd.,8.3094,460683963.1482,,,Technology,Radio And Television Broadcasting And Communications Equipment,https://www.nasdaq.com/symbol/gilt,
GSB,"GlobalSCAPE, Inc.",11.32,196121286.64,,,Technology,Computer Software: Prepackaged Software,https://www.nasdaq.com/symbol/gsb,
GLOB,Globant S.A.,90.04,3295464000,,2014,Technology,EDP Services,https://www.nasdaq.com/symbol/glob,
GLUU,Glu Mobile Inc.,4.89,713376784.47,,2007,Technology,EDP Services,https://www.nasdaq.com/symbol/gluu,
GDDY,GoDaddy Inc.,65.68,11724948876.32,,2015,Technology,EDP Services,https://www.nasdaq.com/symbol/gddy,
GHM,Graham Corporation,18.33,181115027.34,,,Technology,Industrial Machinery/Components,https://www.nasdaq.com/symbol/ghm,
GEC,"Great Elm Capital Group, Inc.",3.61,91463999.68,,,Technology,Computer Software: Prepackaged Software,https://www.nasdaq.com/symbol/gec,
GRNQ,Greenpro Capital Corp.,0.7665,41945860.9185,,,Technology,EDP Services,https://www.nasdaq.com/symbol/grnq,
GSUM,Gridsum Holding Inc.,2.02,37871077.16,18748058,2016,Technology,Computer Software: Prepackaged Software,https://www.nasdaq.com/symbol/gsum,
GRPN,"Groupon, Inc.",2.76,1566630990.24,,2011,Technology,Advertising,https://www.nasdaq.com/symbol/grpn,
GVP,"GSE Systems, Inc.",1.79,35978965.99,,,Technology,Computer Software: Prepackaged Software,https://www.nasdaq.com/symbol/gvp,
GSIT,"GSI Technology, Inc.",8.39,192200158.77,,2007,Technology,Semiconductors,https://www.nasdaq.com/symbol/gsit,
GTYH,"GTY Technology Holdings, Inc.",6.24,325453552.32,,2016,Technology,EDP Services,https://www.nasdaq.com/symbol/gtyh,
GWRE,"Guidewire Software, Inc.",104.14,8520062159.74,,2012,Technology,Computer Software: Prepackaged Software,https://www.nasdaq.com/symbol/gwre,
HLIT,Harmonic Inc.,6.6,591419842.2,,1995,Technology,Radio And Television Broadcasting And Communications Equipment,https://www.nasdaq.com/symbol/hlit,
HHS,"Harte-Hanks, Inc.",3.78,23737046.76,,1993,Technology,Advertising,https://www.nasdaq.com/symbol/hhs,
HHR,HeadHunter Group PLC,17.93,336187500,18750000,2019,Technology,Professional Services,https://www.nasdaq.com/symbol/hhr,
HCAT,"Health Catalyst, Inc",34.7,1266365326.6,,2019,Technology,"Computer Software: Programming, Data Processing",https://www.nasdaq.com/symbol/hcat,
HSTM,"HealthStream, Inc.",25.78,834589474.5,,2000,Technology,"Computer Software: Programming, Data Processing",https://www.nasdaq.com/symbol/hstm,
HSII,"Heidrick & Struggles International, Inc.",26.72,511201669.28,,1999,Technology,Diversified Commercial Services,https://www.nasdaq.com/symbol/hsii,
HPE,Hewlett Packard Enterprise Company,14.95,19584500000,,2015,Technology,Computer Manufacturing,https://www.nasdaq.com/symbol/hpe,
HIMX,"Himax Technologies, Inc.",2.21,239121969.06,108199986,2006,Technology,Semiconductors,https://www.nasdaq.com/symbol/himx,
HPQ,HP Inc.,19.01,28634605863.34,,,Technology,Computer Manufacturing,https://www.nasdaq.com/symbol/hpq,
HMI,Huami Corporation,11.01,665376886.68,,2018,Technology,Computer Manufacturing,https://www.nasdaq.com/symbol/hmi,
HUBS,"HubSpot, Inc.",175.77,7470271930.59,,2014,Technology,Computer Software: Prepackaged Software,https://www.nasdaq.com/symbol/hubs,
HSON,"Hudson Global, Inc.",11.71,34658754.47,,,Technology,Professional Services,https://www.nasdaq.com/symbol/hson,
HUYA,HUYA Inc.,23.96,5226789924.36,,2018,Technology,"Computer Software: Programming, Data Processing",https://www.nasdaq.com/symbol/huya,
ICHR,Ichor Holdings,24.02,539137138.86,,2016,Technology,Semiconductors,https://www.nasdaq.com/symbol/ichr,
ICLK,iClick Interactive Asia Group Limited,2.99,81268307.64,27180036,2017,Technology,Computer Software: Prepackaged Software,https://www.nasdaq.com/symbol/iclk,
INVE,"Identiv, Inc.",4.8,80613921.6,,,Technology,Computer peripheral equipment,https://www.nasdaq.com/symbol/inve,
IEC,IEC Electronics Corp.,6.64,68621631.12,,,Technology,Electrical Products,https://www.nasdaq.com/symbol/iec,
INFO,IHS Markit Ltd.,67.29,26986947951.69,,1996,Technology,"Computer Software: Programming, Data Processing",https://www.nasdaq.com/symbol/info,
ITW,Illinois Tool Works Inc.,153.71,49721827973.6,,,Technology,Industrial Machinery/Components,https://www.nasdaq.com/symbol/itw,
IMMR,Immersion Corporation,8.21,260126551.31,,1999,Technology,Computer peripheral equipment,https://www.nasdaq.com/symbol/immr,
IGC,India Globalization Capital Inc.,1.11,43857661.77,,,Technology,Electronic Components,https://www.nasdaq.com/symbol/igc,
INFY,Infosys Limited,11.64,49330718111.28,,,Technology,EDP Services,https://www.nasdaq.com/symbol/infy,
INOD,Innodata Inc.,1.24,32181042.96,,1993,Technology,EDP Services,https://www.nasdaq.com/symbol/inod,
ISSC,"Innovative Solutions and Support, Inc.",4.37,73892487.32,,2000,Technology,EDP Services,https://www.nasdaq.com/symbol/issc,
INOV,"Inovalon Holdings, Inc.",16.2,2498226364.8,,2015,Technology,EDP Services,https://www.nasdaq.com/symbol/inov,
IPHI,Inphi Corporation,59.77,2714526094.69,,2010,Technology,Semiconductors,https://www.nasdaq.com/symbol/iphi,
INPX,Inpixon,0.1366,4782152.3576,,2014,Technology,EDP Services,https://www.nasdaq.com/symbol/inpx,
NSP,"Insperity, Inc.",99.65,4104219578.2,,,Technology,Professional Services,https://www.nasdaq.com/symbol/nsp,
INSE,"Inspired Entertainment, Inc.",7.07,161323761.97,,2014,Technology,Computer Software: Prepackaged Software,https://www.nasdaq.com/symbol/inse,
INST,"Instructure, Inc.",38.41,1424680904.46,,2015,Technology,Computer Software: Prepackaged Software,https://www.nasdaq.com/symbol/inst,
INTC,Intel Corporation,51.59,228543700000,,,Technology,Semiconductors,https://www.nasdaq.com/symbol/intc,
IDN,"Intellicheck, Inc.",4.74,75276613.08,,1999,Technology,Computer Software: Prepackaged Software,https://www.nasdaq.com/symbol/idn,
INS,Intelligent Systems Corporation,46.36,410331803.68,,1992,Technology,Computer Software: Prepackaged Software,https://www.nasdaq.com/symbol/ins,
IMI,"Intermolecular, Inc.",1.19,59212286.56,,2011,Technology,Semiconductors,https://www.nasdaq.com/symbol/imi,
INAP,Internap Corporation,2.13,56977725.78,,1999,Technology,"Computer Software: Programming, Data Processing",https://www.nasdaq.com/symbol/inap,
IBM,International Business Machines Corporation,142.6,126325797958.6,,,Technology,Computer Manufacturing,https://www.nasdaq.com/symbol/ibm,
IPG,"Interpublic Group of Companies, Inc. (The)",21.07,8158792992.56,,,Technology,Advertising,https://www.nasdaq.com/symbol/ipg,
INXN,InterXion Holding N.V.,77.88,5956879754.76,,2011,Technology,"Computer Software: Programming, Data Processing",https://www.nasdaq.com/symbol/inxn,
IVAC,"Intevac, Inc.",5.13,117989261.28,,1995,Technology,Industrial Machinery/Components,https://www.nasdaq.com/symbol/ivac,
INTU,Intuit Inc.,275.9,71525249921.5,,1993,Technology,Computer Software: Prepackaged Software,https://www.nasdaq.com/symbol/intu,
IPGP,IPG Photonics Corporation,138.43,7364522650.91,,2006,Technology,Semiconductors,https://www.nasdaq.com/symbol/ipgp,
ITRN,Ituran Location and Control Ltd.,27.55,579683241.7,,2005,Technology,Electronic Components,https://www.nasdaq.com/symbol/itrn,
JCOM,"j2 Global, Inc.",89.06,4356570641.24,,1999,Technology,Telecommunications Equipment,https://www.nasdaq.com/symbol/jcom,
JBL,Jabil Inc.,30.88,4722398822.24,,1993,Technology,Electrical Products,https://www.nasdaq.com/symbol/jbl,
JKHY,"Jack Henry & Associates, Inc.",147.51,11358315285.57,,1985,Technology,EDP Services,https://www.nasdaq.com/symbol/jkhy,
JT,Jianpu Technology Inc.,2.88,486517196.16,,2017,Technology,"Computer Software: Programming, Data Processing",https://www.nasdaq.com/symbol/jt,
JKS,JinkoSolar Holding Company Limited,19.64,772660853.76,,2010,Technology,Semiconductors,https://www.nasdaq.com/symbol/jks,
JMU,JMU Limited,1,3244055,3244055,2015,Technology,EDP Services,https://www.nasdaq.com/symbol/jmu,
JBT,John Bean Technologies Corporation,107.6,3406910393.6,,,Technology,Industrial Machinery/Components,https://www.nasdaq.com/symbol/jbt,
JNPR,"Juniper Networks, Inc.",24.02,8306492849.78,,1999,Technology,Computer Communications Equipment,https://www.nasdaq.com/symbol/jnpr,
KAI,Kadant Inc,83.5,940232127.5,,,Technology,Industrial Machinery/Components,https://www.nasdaq.com/symbol/kai,
KELYA,"Kelly Services, Inc.",24.45,955741600.2,,,Technology,Professional Services,https://www.nasdaq.com/symbol/kelya,
KELYB,"Kelly Services, Inc.",25,977240900,,,Technology,Professional Services,https://www.nasdaq.com/symbol/kelyb,
KTCC,Key Tronic Corporation,5.62,60469401.6,,1983,Technology,Computer peripheral equipment,https://www.nasdaq.com/symbol/ktcc,
KFRC,"Kforce, Inc.",33.15,804056100.9,,1995,Technology,Professional Services,https://www.nasdaq.com/symbol/kfrc,
KE,"Kimball Electronics, Inc.",13.77,350016972.39,,,Technology,Electrical Products,https://www.nasdaq.com/symbol/ke,
KOPN,Kopin Corporation,0.7449,62635902.7476,,1992,Technology,Semiconductors,https://www.nasdaq.com/symbol/kopn,
KFY,Korn Ferry,38.21,2180012706.6,,1999,Technology,Diversified Commercial Services,https://www.nasdaq.com/symbol/kfy,
KLIC,"Kulicke and Soffa Industries, Inc.",22.16,1405117734.4,,,Technology,Semiconductors,https://www.nasdaq.com/symbol/klic,
KVHI,"KVH Industries, Inc.",9.59,172885460.79,,1996,Technology,Radio And Television Broadcasting And Communications Equipment,https://www.nasdaq.com/symbol/kvhi,
LRCX,Lam Research Corporation,230.34,33291730759.32,,1984,Technology,Industrial Machinery/Components,https://www.nasdaq.com/symbol/lrcx,
LTRX,"Lantronix, Inc.",3.67,82433040.73,,2000,Technology,Computer Communications Equipment,https://www.nasdaq.com/symbol/ltrx,
LSCC,Lattice Semiconductor Corporation,20.85,2766142999.65,,,Technology,Semiconductors,https://www.nasdaq.com/symbol/lscc,
LEAF,Leaf Group Ltd.,4.49,117054825.33,,,Technology,EDP Services,https://www.nasdaq.com/symbol/leaf,
LDOS,"Leidos Holdings, Inc.",84.92,12212159734.72,,,Technology,EDP Services,https://www.nasdaq.com/symbol/ldos,
LTRPA,"Liberty TripAdvisor Holdings, Inc.",9.28,696710912.96,,,Technology,EDP Services,https://www.nasdaq.com/symbol/ltrpa,
LTRPB,"Liberty TripAdvisor Holdings, Inc.",9.1672,688242271.6904,,,Technology,EDP Services,https://www.nasdaq.com/symbol/ltrpb,
LPTH,"LightPath Technologies, Inc.",0.75,19364722.5,,1996,Technology,Semiconductors,https://www.nasdaq.com/symbol/lpth,
LECO,"Lincoln Electric Holdings, Inc.",85.69,5293855620.57,,,Technology,Industrial Machinery/Components,https://www.nasdaq.com/symbol/leco,
LN,LINE Corporation,37.25,8973716539.5,,2016,Technology,"Computer Software: Programming, Data Processing",https://www.nasdaq.com/symbol/ln,
LINX,Linx S.A.,7.31,1329768006.48,,2019,Technology,Computer Software: Prepackaged Software,https://www.nasdaq.com/symbol/linx,
LIQT,"LiqTech International, Inc.",6.89,141573432.52,,,Technology,Industrial Machinery/Components,https://www.nasdaq.com/symbol/liqt,
YVR,Liquid Media Group Ltd.,1.4815,6203341.2445,,,Technology,Computer Software: Prepackaged Software,https://www.nasdaq.com/symbol/yvr,
LPSN,"LivePerson, Inc.",36.85,2414698987.8,,2000,Technology,Computer Software: Prepackaged Software,https://www.nasdaq.com/symbol/lpsn,
RAMP,"LiveRamp Holdings, Inc.",41.5,2807062739,,2018,Technology,EDP Services,https://www.nasdaq.com/symbol/ramp,
LOGI,Logitech International S.A.,41.96,6984855790.88,,1997,Technology,Computer peripheral equipment,https://www.nasdaq.com/symbol/logi,
LOGM,"LogMein, Inc.",68.06,3362164000,,2009,Technology,Computer Software: Prepackaged Software,https://www.nasdaq.com/symbol/logm,
LORL,"Loral Space and Communications, Inc.",37.89,1172041935.39,,,Technology,Radio And Television Broadcasting And Communications Equipment,https://www.nasdaq.com/symbol/lorl,
LKCO,Luokung Technology Corp,6.16,1233956157.28,,,Technology,EDP Services,https://www.nasdaq.com/symbol/lkco,
MTSI,"MACOM Technology Solutions Holdings, Inc.",21.78,1438605873.54,,2012,Technology,Semiconductors,https://www.nasdaq.com/symbol/mtsi,
MGIC,Magic Software Enterprises Ltd.,9.4,459575757.2,,1991,Technology,Computer Software: Prepackaged Software,https://www.nasdaq.com/symbol/mgic,
MX,MagnaChip Semiconductor Corporation,10.77,370160484.3,,2011,Technology,Semiconductors,https://www.nasdaq.com/symbol/mx,
MJCO,Majesco,8.5,365177059.5,,,Technology,Computer Software: Prepackaged Software,https://www.nasdaq.com/symbol/mjco,
MAMS,"MAM Software Group, Inc.",12,151372500,,,Technology,Computer Software: Prepackaged Software,https://www.nasdaq.com/symbol/mams,
MANH,"Manhattan Associates, Inc.",81.12,5218057790.4,,1998,Technology,Computer Software: Prepackaged Software,https://www.nasdaq.com/symbol/manh,
MNTX,"Manitex International, Inc.",5.87,115537525.31,,,Technology,Industrial Machinery/Components,https://www.nasdaq.com/symbol/mntx,
MAN,ManpowerGroup,85.2,5098376008.8,,,Technology,Professional Services,https://www.nasdaq.com/symbol/man,
MRIN,Marin Software Incorporated,2.5,16567500,,,Technology,EDP Services,https://www.nasdaq.com/symbol/mrin,
MRVL,Marvell Technology Group Ltd.,25,16675000000,,2000,Technology,Semiconductors,https://www.nasdaq.com/symbol/mrvl,
MTCH,"Match Group, Inc.",77.96,21905056807.88,,2015,Technology,"Computer Software: Programming, Data Processing",https://www.nasdaq.com/symbol/mtch,
MTLS,Materialise NV,18.68,321475981.8,17209635,2014,Technology,Computer Software: Prepackaged Software,https://www.nasdaq.com/symbol/mtls,
MAXR,Maxar Technologies Inc.,7.03,418966066.4,,,Technology,Radio And Television Broadcasting And Communications Equipment,https://www.nasdaq.com/symbol/maxr,
MXIM,"Maxim Integrated Products, Inc.",57.58,15619890184.78,,1988,Technology,Semiconductors,https://www.nasdaq.com/symbol/mxim,
MXL,"MaxLinear, Inc",20.9,1488505586.7,,2010,Technology,Semiconductors,https://www.nasdaq.com/symbol/mxl,
MGRC,McGrath RentCorp,65.29,1583484311.39,,1984,Technology,Diversified Commercial Services,https://www.nasdaq.com/symbol/mgrc,
MDCA,MDC Partners Inc.,2.52,181308312.36,,,Technology,Advertising,https://www.nasdaq.com/symbol/mdca,
MDLA,"Medallia, Inc.",28.48,3491761236.48,,2019,Technology,"Computer Software: Programming, Data Processing",https://www.nasdaq.com/symbol/mdla,
MDSO,"Medidata Solutions, Inc.",91.69,5726628232.9,,2009,Technology,Computer Software: Prepackaged Software,https://www.nasdaq.com/symbol/mdso,
MLNX,"Mellanox Technologies, Ltd.",109.41,5995588568.34,,2007,Technology,Semiconductors,https://www.nasdaq.com/symbol/mlnx,
MFGP,Micro Focus Intl PLC,13.27,4503772645.25,,2017,Technology,Computer Software: Prepackaged Software,https://www.nasdaq.com/symbol/mfgp,
MCHP,Microchip Technology Incorporated,91.87,21869066450.7,,1993,Technology,Semiconductors,https://www.nasdaq.com/symbol/mchp,
MU,"Micron Technology, Inc.",49.13,54229860010.27,,,Technology,Semiconductors,https://www.nasdaq.com/symbol/mu,
MSFT,Microsoft Corporation,137.52,1050021500688,,1986,Technology,Computer Software: Prepackaged Software,https://www.nasdaq.com/symbol/msft,
MSTR,MicroStrategy Incorporated,143.69,1471325106.51,,1998,Technology,Computer Software: Prepackaged Software,https://www.nasdaq.com/symbol/mstr,
MCRN,Milacron Holdings Corp.,16.25,1145969890,,2015,Technology,Industrial Machinery/Components,https://www.nasdaq.com/symbol/mcrn,
MIME,Mimecast Limited,40.04,2472845535.16,,2015,Technology,Computer Software: Prepackaged Software,https://www.nasdaq.com/symbol/mime,
MNDO,MIND C.T.I. Ltd.,2.3,45572489.8,,,Technology,EDP Services,https://www.nasdaq.com/symbol/mndo,
MIND,"Mitcham Industries, Inc.",3.4,41236556.6,,1994,Technology,Diversified Commercial Services,https://www.nasdaq.com/symbol/mind,
MINDP,"Mitcham Industries, Inc.",24.1101,19239859.8,,,Technology,Diversified Commercial Services,https://www.nasdaq.com/symbol/mindp,
MITK,"Mitek Systems, Inc.",9.47,380476606.68,,,Technology,Computer peripheral equipment,https://www.nasdaq.com/symbol/mitk,
MIXT,MiX Telematics Limited,14.47,318678540.12,,2013,Technology,Computer Software: Prepackaged Software,https://www.nasdaq.com/symbol/mixt,
MOBL,"MobileIron, Inc.",7.22,792740671.94,,2014,Technology,Computer Software: Prepackaged Software,https://www.nasdaq.com/symbol/mobl,
MODN,"Model N, Inc.",27.67,905129169.57,,2013,Technology,"Computer Software: Programming, Data Processing",https://www.nasdaq.com/symbol/modn,
MOMO,Momo Inc.,36.29,5784330490.53,159391857,2014,Technology,Computer Software: Prepackaged Software,https://www.nasdaq.com/symbol/momo,
MDB,"MongoDB, Inc.",131.37,7268526458.31,,2017,Technology,Computer Software: Prepackaged Software,https://www.nasdaq.com/symbol/mdb,
MPWR,"Monolithic Power Systems, Inc.",153.82,6651792080,,2004,Technology,Semiconductors,https://www.nasdaq.com/symbol/mpwr,
TYPE,Monotype Imaging Holdings Inc.,19.79,793581691.44,,2007,Technology,EDP Services,https://www.nasdaq.com/symbol/type,
MOSY,"MoSys, Inc.",2.4,5220000,,2001,Technology,Semiconductors,https://www.nasdaq.com/symbol/mosy,
MSI,"Motorola Solutions, Inc.",171.67,28420917320.09,,,Technology,Radio And Television Broadcasting And Communications Equipment,https://www.nasdaq.com/symbol/msi,
MOXC,"Moxian, Inc.",1.87,25191759.23,,,Technology,"Computer Software: Programming, Data Processing",https://www.nasdaq.com/symbol/moxc,
MTBC,"MTBC, Inc.",4.455,53608093.11,,2014,Technology,Computer Software: Prepackaged Software,https://www.nasdaq.com/symbol/mtbc,
MTBCP,"MTBC, Inc.",27.0295,25118487.3205,,,Technology,Computer Software: Prepackaged Software,https://www.nasdaq.com/symbol/mtbcp,
MYSZ,"My Size, Inc.",0.4511,13480509.5529,,,Technology,Computer Software: Prepackaged Software,https://www.nasdaq.com/symbol/mysz,
NNDM,Nano Dimension Ltd.,0.28,5455140.32,19482644,,Technology,Electrical Products,https://www.nasdaq.com/symbol/nndm,
NH,"NantHealth, Inc.",0.5745,63558050.1045,,2016,Technology,EDP Services,https://www.nasdaq.com/symbol/nh,
NATI,National Instruments Corporation,43.12,5686871498,,1995,Technology,Computer Software: Prepackaged Software,https://www.nasdaq.com/symbol/nati,
NPTN,NeoPhotonics Corporation,6.46,306253444.84,,2011,Technology,Semiconductors,https://www.nasdaq.com/symbol/nptn,
NSCO,"Nesco Holdings, Inc.",6.55,321172064.65,,2017,Technology,Diversified Commercial Services,https://www.nasdaq.com/symbol/nsco,
NETE,"Net Element, Inc.",5.48,22565971.44,,,Technology,EDP Services,https://www.nasdaq.com/symbol/nete,
NTAP,"NetApp, Inc.",54.78,13032849872.46,,1995,Technology,Electronic Components,https://www.nasdaq.com/symbol/ntap,
NTCT,"NetScout Systems, Inc.",23.16,1756945345.68,,1999,Technology,EDP Services,https://www.nasdaq.com/symbol/ntct,
NTWK,NetSol Technologies Inc.,5.03,58716211.09,,,Technology,Computer Software: Prepackaged Software,https://www.nasdaq.com/symbol/ntwk,
NEWR,"New Relic, Inc.",57.15,3337877525.4,,2014,Technology,Computer Software: Prepackaged Software,https://www.nasdaq.com/symbol/newr,
NXGN,"NextGen Healthcare, Inc.",14.89,973536282.54,,,Technology,EDP Services,https://www.nasdaq.com/symbol/nxgn,
NICE,NICE Ltd,154.33,6476012590.63,41962111,,Technology,Computer Manufacturing,https://www.nasdaq.com/symbol/nice,
LASR,"nLIGHT, Inc.",15.43,581522059.65,,2018,Technology,Semiconductors,https://www.nasdaq.com/symbol/lasr,
NOK,Nokia Corporation,5.02,28105524200,,1994,Technology,Radio And Television Broadcasting And Communications Equipment,https://www.nasdaq.com/symbol/nok,
NUAN,"Nuance Communications, Inc.",17.52,5004462083.76,,,Technology,Computer Software: Prepackaged Software,https://www.nasdaq.com/symbol/nuan,
NTNX,"Nutanix, Inc.",25.3,4704751188.5,,2016,Technology,Computer Software: Prepackaged Software,https://www.nasdaq.com/symbol/ntnx,
NVEC,NVE Corporation,68.28,330885562.8,,,Technology,Semiconductors,https://www.nasdaq.com/symbol/nvec,
NVT,nVent Electric plc,21.74,3676527555.22,,2018,Technology,Industrial Machinery/Components,https://www.nasdaq.com/symbol/nvt,
NVDA,NVIDIA Corporation,180.5,109924500000,,1999,Technology,Semiconductors,https://www.nasdaq.com/symbol/nvda,
NXPI,NXP Semiconductors N.V.,107.39,29935257607.72,,2010,Technology,Semiconductors,https://www.nasdaq.com/symbol/nxpi,
OIIM,O2Micro International Limited,1.33,44386744.36,33373492,,Technology,Semiconductors,https://www.nasdaq.com/symbol/oiim,
OKTA,"Okta, Inc.",109.26,12470835006.72,,2017,Technology,Computer Software: Prepackaged Software,https://www.nasdaq.com/symbol/okta,
OMCL,"Omnicell, Inc.",71.85,2992962188.7,,2001,Technology,Computer Manufacturing,https://www.nasdaq.com/symbol/omcl,
OMC,Omnicom Group Inc.,78.47,17069084032.77,,,Technology,Advertising,https://www.nasdaq.com/symbol/omc,
ON,ON Semiconductor Corporation,18.72,7684174330.56,,,Technology,Semiconductors,https://www.nasdaq.com/symbol/on,
OTIV,On Track Innovations Ltd,0.3211,13269257.4547,,,Technology,Semiconductors,https://www.nasdaq.com/symbol/otiv,
OSS,"One Stop Systems, Inc.",2.5,40129792.5,,2018,Technology,Computer Manufacturing,https://www.nasdaq.com/symbol/oss,
OSPN,OneSpan Inc.,15.43,622373231.53,,,Technology,EDP Services,https://www.nasdaq.com/symbol/ospn,
OOMA,"Ooma, Inc.",12.11,250677000,,2015,Technology,EDP Services,https://www.nasdaq.com/symbol/ooma,
OTEX,Open Text Corporation,41.37,11163050865.54,,1996,Technology,EDP Services,https://www.nasdaq.com/symbol/otex,
ORCL,Oracle Corporation,54.54,181935568260,,1986,Technology,Computer Software: Prepackaged Software,https://www.nasdaq.com/symbol/orcl,
OSIS,"OSI Systems, Inc.",106.85,1946692884.2,,1997,Technology,Semiconductors,https://www.nasdaq.com/symbol/osis,
PFIN,"P & F Industries, Inc.",6.9762,21931847.322,,,Technology,Industrial Machinery/Components,https://www.nasdaq.com/symbol/pfin,
PD,"PagerDuty, Inc.",28.25,2149430178,,2019,Technology,Computer Software: Prepackaged Software,https://www.nasdaq.com/symbol/pd,
PAGS,PagSeguro Digital Ltd.,47.04,15423963992.64,,2018,Technology,EDP Services,https://www.nasdaq.com/symbol/pags,
PANW,"Palo Alto Networks, Inc.",211.18,20267999021.74,,2012,Technology,Computer peripheral equipment,https://www.nasdaq.com/symbol/panw,
TEUM,Pareteum Corporation,1.9,213662147.8,,,Technology,EDP Services,https://www.nasdaq.com/symbol/teum,
PKE,Park Aerospace Corp.,17.04,349190104.08,,,Technology,Electrical Products,https://www.nasdaq.com/symbol/pke,
PCYG,"Park City Group, Inc.",6.31,125387795.73,,,Technology,EDP Services,https://www.nasdaq.com/symbol/pcyg,
PSN,Parsons Corporation,34.29,3409621932.33,,2019,Technology,EDP Services,https://www.nasdaq.com/symbol/psn,
PAYC,"Paycom Software, Inc.",228.72,13361974270.08,,2014,Technology,Computer Software: Prepackaged Software,https://www.nasdaq.com/symbol/payc,
PCTY,Paylocity Holding Corporation,97.91,5197259207.46,,2014,Technology,Computer Software: Prepackaged Software,https://www.nasdaq.com/symbol/pcty,
PCTI,"PC-Tel, Inc.",6.94,128304818.44,,1999,Technology,Radio And Television Broadcasting And Communications Equipment,https://www.nasdaq.com/symbol/pcti,
PDFS,"PDF Solutions, Inc.",12.62,409425914.88,,2001,Technology,Computer Software: Prepackaged Software,https://www.nasdaq.com/symbol/pdfs,
PEGA,Pegasystems Inc.,71.13,5628635331.45,,1996,Technology,EDP Services,https://www.nasdaq.com/symbol/pega,
PNR,Pentair plc.,36.86,6194290968.66,,,Technology,Industrial Machinery/Components,https://www.nasdaq.com/symbol/pnr,
PRFT,"Perficient, Inc.",39.35,1292304210.6,,1999,Technology,EDP Services,https://www.nasdaq.com/symbol/prft,
PERI,Perion Network Ltd,5.73,149037133.83,,,Technology,EDP Services,https://www.nasdaq.com/symbol/peri,
PRSP,Perspecta Inc.,25.65,4162926052.8,,1998,Technology,EDP Services,https://www.nasdaq.com/symbol/prsp,
PLAB,"Photronics, Inc.",10.74,720285134.7,,1987,Technology,Semiconductors,https://www.nasdaq.com/symbol/plab,
PHUN,"Phunware, Inc.",1.62,63125851.5,,2016,Technology,EDP Services,https://www.nasdaq.com/symbol/phun,
PHUNW,"Phunware, Inc.",0.23,0,,2016,Technology,EDP Services,https://www.nasdaq.com/symbol/phunw,
PT,Pintec Technology Holdings Limited,2.97,63651044.16,21431328,2018,Technology,"Computer Software: Programming, Data Processing",https://www.nasdaq.com/symbol/pt,
PINS,"Pinterest, Inc.",28.2,15304433900.4,,2019,Technology,"Computer Software: Programming, Data Processing",https://www.nasdaq.com/symbol/pins,
PVTL,"Pivotal Software, Inc.",14.87,4086189932.44,,2018,Technology,Computer Software: Prepackaged Software,https://www.nasdaq.com/symbol/pvtl,
PXLW,"Pixelworks, Inc.",3.54,134278511.82,,2000,Technology,Semiconductors,https://www.nasdaq.com/symbol/pxlw,
PLXS,Plexus Corp.,61.76,1808372326.4,,,Technology,Electrical Products,https://www.nasdaq.com/symbol/plxs,
PS,"Pluralsight, Inc.",15.64,2189852257.56,,2018,Technology,"Computer Software: Programming, Data Processing",https://www.nasdaq.com/symbol/ps,
PNTR,Pointer Telocation Ltd.,14.63,119799452.08,,,Technology,Radio And Television Broadcasting And Communications Equipment,https://www.nasdaq.com/symbol/pntr,
POWI,"Power Integrations, Inc.",91.01,2669412671.82,,1997,Technology,Semiconductors,https://www.nasdaq.com/symbol/powi,
PBTS,"Powerbridge Technologies Co., Ltd.",4.69,40593113.12,,2019,Technology,EDP Services,https://www.nasdaq.com/symbol/pbts,
PSDO,"Presidio, Inc.",15.97,1327204401.03,,2017,Technology,Retail: Computer Software & Peripheral Equipment,https://www.nasdaq.com/symbol/psdo,
IPDN,"Professional Diversity Network, Inc.",1.41,8258468.7,,2013,Technology,"Computer Software: Programming, Data Processing",https://www.nasdaq.com/symbol/ipdn,
PRGS,Progress Software Corporation,39.44,1763963662.8,,1991,Technology,Computer Software: Prepackaged Software,https://www.nasdaq.com/symbol/prgs,
PFPT,"Proofpoint, Inc.",124.58,6985167337.14,,2012,Technology,EDP Services,https://www.nasdaq.com/symbol/pfpt,
PRO,"PROS Holdings, Inc.",62.98,2533287807.26,,2007,Technology,EDP Services,https://www.nasdaq.com/symbol/pro,
PTC,PTC Inc.,68.15,7849481425.7,,,Technology,Computer Software: Prepackaged Software,https://www.nasdaq.com/symbol/ptc,
PSTG,"Pure Storage, Inc.",17.7,4479719939.4,,2015,Technology,Electronic Components,https://www.nasdaq.com/symbol/pstg,
QTWO,"Q2 Holdings, Inc.",84.4,3975652462.8,,2014,Technology,Computer Software: Prepackaged Software,https://www.nasdaq.com/symbol/qtwo,
QADA,QAD Inc.,40.77,800657160.3,,,Technology,Computer Software: Prepackaged Software,https://www.nasdaq.com/symbol/qada,
QADB,QAD Inc.,28.8912,567376653.168,,,Technology,Computer Software: Prepackaged Software,https://www.nasdaq.com/symbol/qadb,
QRVO,"Qorvo, Inc.",76,8951633932,,,Technology,Semiconductors,https://www.nasdaq.com/symbol/qrvo,
QCOM,QUALCOMM Incorporated,78.21,95076590750.46,,1991,Technology,Radio And Television Broadcasting And Communications Equipment,https://www.nasdaq.com/symbol/qcom,
QBAK,Qualstar Corporation,5.59,10753773.68,,2000,Technology,Electronic Components,https://www.nasdaq.com/symbol/qbak,
QLYS,"Qualys, Inc.",79.35,3113580767.55,,2012,Technology,Computer Software: Prepackaged Software,https://www.nasdaq.com/symbol/qlys,
QRHC,Quest Resource Holding Corporation,2.42,37147370.26,,,Technology,Diversified Commercial Services,https://www.nasdaq.com/symbol/qrhc,
QUIK,QuickLogic Corporation,0.37,43037768.41,,1999,Technology,Semiconductors,https://www.nasdaq.com/symbol/quik,
QUMU,Qumu Corporation,3,29720400,,,Technology,Computer Software: Prepackaged Software,https://www.nasdaq.com/symbol/qumu,
RADA,RADA Electronic Industries Ltd.,5.33,202897237.92,,,Technology,Electronic Components,https://www.nasdaq.com/symbol/rada,
RDCM,Radcom Ltd.,9.44,129687390.24,,1997,Technology,Computer peripheral equipment,https://www.nasdaq.com/symbol/rdcm,
RMBS,"Rambus, Inc.",12.54,1393538147.76,,1997,Technology,Semiconductors,https://www.nasdaq.com/symbol/rmbs,
RPD,"Rapid7, Inc.",52.33,2555913372.6,,2015,Technology,Computer Software: Prepackaged Software,https://www.nasdaq.com/symbol/rpd,
RCMT,"RCM Technologies, Inc.",2.93,37960631.71,,,Technology,Professional Services,https://www.nasdaq.com/symbol/rcmt,
RNWK,"RealNetworks, Inc.",1.58,60118791.44,,1997,Technology,EDP Services,https://www.nasdaq.com/symbol/rnwk,
RP,"RealPage, Inc.",61.65,5841907084.35,,2010,Technology,Computer Software: Prepackaged Software,https://www.nasdaq.com/symbol/rp,
RDVT,"Red Violet, Inc.",12.66,137139918.42,,,Technology,Computer Software: Prepackaged Software,https://www.nasdaq.com/symbol/rdvt,
SOL,Renesola Ltd.,1.03,39224346.7,,2008,Technology,Semiconductors,https://www.nasdaq.com/symbol/sol,
RENN,Renren Inc.,0.83,57691136.19,,2011,Technology,EDP Services,https://www.nasdaq.com/symbol/renn,
RCII,Rent-A-Center Inc.,25.61,1389855365.86,,1995,Technology,Diversified Commercial Services,https://www.nasdaq.com/symbol/rcii,
RESN,Resonant Inc.,3.16,89726635.8,,2014,Technology,Semiconductors,https://www.nasdaq.com/symbol/resn,
RXN,Rexnord Corporation,27.88,2951502176.36,,2012,Technology,Industrial Machinery/Components,https://www.nasdaq.com/symbol/rxn,
RBBN,Ribbon Communications Inc.,5.31,584144625.24,,,Technology,EDP Services,https://www.nasdaq.com/symbol/rbbn,
RELL,"Richardson Electronics, Ltd.",5.76,75607320.96,,1983,Technology,Electronic Components,https://www.nasdaq.com/symbol/rell,
RNG,"Ringcentral, Inc.",131.59,10917988349.78,,2013,Technology,EDP Services,https://www.nasdaq.com/symbol/rng,
RHI,Robert Half International Inc.,55.22,6491718640.88,,,Technology,Professional Services,https://www.nasdaq.com/symbol/rhi,
RST,Rosetta Stone,18.41,442408224.65,,2009,Technology,Computer Software: Prepackaged Software,https://www.nasdaq.com/symbol/rst,
RBCN,"Rubicon Technology, Inc.",9,24097167,,2007,Technology,Semiconductors,https://www.nasdaq.com/symbol/rbcn,
RMBL,"RumbleOn, Inc.",2.8,64879976,,,Technology,EDP Services,https://www.nasdaq.com/symbol/rmbl,
SABR,Sabre Corporation,23.68,6480658572.8,,2014,Technology,"Computer Software: Programming, Data Processing",https://www.nasdaq.com/symbol/sabr,
SFET,Safe-T Group Ltd.,0.7846,919386.434,1171790,2018,Technology,Computer Software: Prepackaged Software,https://www.nasdaq.com/symbol/sfet,
SAIL,"SailPoint Technologies Holdings, Inc.",22.66,2019519090.38,,2017,Technology,Computer Software: Prepackaged Software,https://www.nasdaq.com/symbol/sail,
CRM,Salesforce.com Inc,149.54,131146580000,,2004,Technology,Computer Software: Prepackaged Software,https://www.nasdaq.com/symbol/crm,
SANM,Sanmina Corporation,31.26,2175642045.24,,1993,Technology,Electrical Products,https://www.nasdaq.com/symbol/sanm,
SAP,SAP SE,121.56,149336460000,,,Technology,Computer Software: Prepackaged Software,https://www.nasdaq.com/symbol/sap,
SPNS,Sapiens International Corporation N.V.,18.12,905673912.48,,1992,Technology,Computer Software: Prepackaged Software,https://www.nasdaq.com/symbol/spns,
SCSC,"ScanSource, Inc.",29.95,755971394.25,,,Technology,Retail: Computer Software & Peripheral Equipment,https://www.nasdaq.com/symbol/scsc,
SAIC,SCIENCE APPLICATIONS INTERNATIONAL CORPORATION,82.69,4880443926.61,,,Technology,EDP Services,https://www.nasdaq.com/symbol/saic,
SGMS,Scientific Games Corp,20.11,1873107640.45,,,Technology,EDP Services,https://www.nasdaq.com/symbol/sgms,
SCPL,SciPlay Corporation,11.36,1434393358.56,,2019,Technology,EDP Services,https://www.nasdaq.com/symbol/scpl,
SEAC,"SeaChange International, Inc.",3.14,114947427.54,,1996,Technology,Radio And Television Broadcasting And Communications Equipment,https://www.nasdaq.com/symbol/seac,
STX,Seagate Technology PLC,54.78,14737888876.26,,2002,Technology,Electronic Components,https://www.nasdaq.com/symbol/stx,
SCWX,SecureWorks Corp.,14.11,1150256103.41,,2016,Technology,Computer Software: Prepackaged Software,https://www.nasdaq.com/symbol/scwx,
LEDS,SemiLEDS Corporation,2.52,9044317.8,,2010,Technology,Semiconductors,https://www.nasdaq.com/symbol/leds,
SMTC,Semtech Corporation,45.4,3027140657.8,,,Technology,Semiconductors,https://www.nasdaq.com/symbol/smtc,
SQNS,Sequans Communications S.A.,0.9677,92008784.3928,,2011,Technology,Semiconductors,https://www.nasdaq.com/symbol/sqns,
NOW,"ServiceNow, Inc.",254.68,47752500000,,2012,Technology,Computer Software: Prepackaged Software,https://www.nasdaq.com/symbol/now,
SGOC,"SGOCO Group, Ltd",1.04,83227712.88,,2010,Technology,Radio And Television Broadcasting And Communications Equipment,https://www.nasdaq.com/symbol/sgoc,
SHSP,"SharpSpring, Inc.",11.98,131134110.28,,,Technology,Computer Software: Prepackaged Software,https://www.nasdaq.com/symbol/shsp,
PIXY,"ShiftPixy, Inc.",0.4701,17018610.5007,,2017,Technology,Diversified Commercial Services,https://www.nasdaq.com/symbol/pixy,
SHOP,Shopify Inc.,358.67,35968400313.04,,2015,Technology,Computer Software: Prepackaged Software,https://www.nasdaq.com/symbol/shop,
SSTI,"ShotSpotter, Inc.",27.38,314244777.7,,2017,Technology,Computer Software: Prepackaged Software,https://www.nasdaq.com/symbol/ssti,
SSTK,"Shutterstock, Inc.",35.57,1255433510.53,,2012,Technology,EDP Services,https://www.nasdaq.com/symbol/sstk,
SWIR,"Sierra Wireless, Inc.",10.78,389859734.88,,,Technology,Radio And Television Broadcasting And Communications Equipment,https://www.nasdaq.com/symbol/swir,
SIFY,Sify Technologies Limited,1.32,33938302.2,25710835,,Technology,"Computer Software: Programming, Data Processing",https://www.nasdaq.com/symbol/sify,
SGMA,"SigmaTron International, Inc.",3.75,15909405,,1994,Technology,Electrical Products,https://www.nasdaq.com/symbol/sgma,
SILC,Silicom Ltd,31.49,239327841.78,,,Technology,Computer Communications Equipment,https://www.nasdaq.com/symbol/silc,
SLAB,"Silicon Laboratories, Inc.",110.51,4789930742.17,,2000,Technology,Semiconductors,https://www.nasdaq.com/symbol/slab,
SIMO,Silicon Motion Technology Corporation,33.64,1225988606.8,36444370,2005,Technology,Semiconductors,https://www.nasdaq.com/symbol/simo,
SLP,"Simulations Plus, Inc.",32.29,566091715.23,,,Technology,EDP Services,https://www.nasdaq.com/symbol/slp,
SINA,Sina Corporation,45.47,3154169325.8,,,Technology,Computer Software: Prepackaged Software,https://www.nasdaq.com/symbol/sina,
SWKS,"Skyworks Solutions, Inc.",79.72,13688173842.48,,,Technology,Semiconductors,https://www.nasdaq.com/symbol/swks,
SGH,"SMART Global Holdings, Inc.",30.76,721750978.96,,2017,Technology,Semiconductors,https://www.nasdaq.com/symbol/sgh,
SMAR,Smartsheet Inc.,39.36,4194384978.24,,2018,Technology,Computer Software: Prepackaged Software,https://www.nasdaq.com/symbol/smar,
SMSI,"Smith Micro Software, Inc.",6.23,230206343.57,,1995,Technology,Computer Software: Prepackaged Software,https://www.nasdaq.com/symbol/smsi,
SMTX,SMTC Corporation,3.11,87139985.68,,2000,Technology,Electrical Products,https://www.nasdaq.com/symbol/smtx,
SNAP,Snap Inc.,15.31,21116704399.01,,2017,Technology,"Computer Software: Programming, Data Processing",https://www.nasdaq.com/symbol/snap,
SCKT,"Socket Mobile, Inc.",2.355,14129182.815,,,Technology,Computer Manufacturing,https://www.nasdaq.com/symbol/sckt,
SOGO,Sogou Inc.,4.66,1823706727.5,,2017,Technology,EDP Services,https://www.nasdaq.com/symbol/sogo,
SOHU,Sohu.com Limited,11.54,456211258.52,39533038,,Technology,EDP Services,https://www.nasdaq.com/symbol/sohu,
SEDG,"SolarEdge Technologies, Inc.",74.16,3557532993.84,,2015,Technology,Semiconductors,https://www.nasdaq.com/symbol/sedg,
SWI,SolarWinds Corporation,17.64,5470953072.48,,2018,Technology,Computer Software: Prepackaged Software,https://www.nasdaq.com/symbol/swi,
SY,So-Young International Inc.,10.43,155928500,14950000,2019,Technology,EDP Services,https://www.nasdaq.com/symbol/sy,
ANY,Sphere 3D Corp.,1.33,3928269.38,,,Technology,EDP Services,https://www.nasdaq.com/symbol/any,
SPI,"SPI Energy Co., Ltd.",1.88,27286555,,,Technology,Semiconductors,https://www.nasdaq.com/symbol/spi,
SPLK,Splunk Inc.,109.48,16440798810.8,,2012,Technology,Computer Software: Prepackaged Software,https://www.nasdaq.com/symbol/splk,
SPSC,"SPS Commerce, Inc.",45.68,1653616000,,2010,Technology,Computer Software: Prepackaged Software,https://www.nasdaq.com/symbol/spsc,
SPXC,SPX Corporation,39.49,1738899263.86,,,Technology,Industrial Machinery/Components,https://www.nasdaq.com/symbol/spxc,
FLOW,"SPX FLOW, Inc.",37,1574823415,,2015,Technology,Industrial Machinery/Components,https://www.nasdaq.com/symbol/flow,
SQ,"Square, Inc.",61.47,26255723084.01,,2015,Technology,Computer Software: Prepackaged Software,https://www.nasdaq.com/symbol/sq,
SRAX,"SRAX, Inc.",2.99,37028527.77,,,Technology,Advertising,https://www.nasdaq.com/symbol/srax,
SSNC,"SS&C Technologies Holdings, Inc.",49.66,12601711469.36,,2010,Technology,Computer Software: Prepackaged Software,https://www.nasdaq.com/symbol/ssnc,
STAF,"Staffing 360 Solutions, Inc.",1.225,10633181.3,,,Technology,Professional Services,https://www.nasdaq.com/symbol/staf,
SXI,Standex International Corporation,72.39,901591389.6,,,Technology,Industrial Machinery/Components,https://www.nasdaq.com/symbol/sxi,
SRT,"StarTek, Inc.",6.54,251529413.7,,1997,Technology,Professional Services,https://www.nasdaq.com/symbol/srt,
STM,STMicroelectronics N.V.,19.44,17418651408.72,,,Technology,Semiconductors,https://www.nasdaq.com/symbol/stm,
STNE,StoneCo Ltd.,31.85,8834133726.6,,2018,Technology,EDP Services,https://www.nasdaq.com/symbol/stne,
SSYS,"Stratasys, Ltd.",24.44,1328167360,,1994,Technology,Computer peripheral equipment,https://www.nasdaq.com/symbol/ssys,
STRM,"Streamline Health Solutions, Inc.",1.425,30023872.2,,,Technology,EDP Services,https://www.nasdaq.com/symbol/strm,
WISA,"Summit Wireless Technologies, Inc.",0.9605,19029839.9755,,2018,Technology,Semiconductors,https://www.nasdaq.com/symbol/wisa,
SPWR,SunPower Corporation,12.28,1750239934.96,,2005,Technology,Semiconductors,https://www.nasdaq.com/symbol/spwr,
SPCB,"SuperCom, Ltd.",0.95,14210422.05,,,Technology,Semiconductors,https://www.nasdaq.com/symbol/spcb,
SCON,Superconductor Technologies Inc.,0.8874,4883015.2266,,1993,Technology,Radio And Television Broadcasting And Communications Equipment,https://www.nasdaq.com/symbol/scon,
SPRT,"support.com, Inc.",1.63,30919062.5,,2000,Technology,EDP Services,https://www.nasdaq.com/symbol/sprt,
SVMK,SVMK Inc.,16.58,2206416378.14,,2018,Technology,"Computer Software: Programming, Data Processing",https://www.nasdaq.com/symbol/svmk,
SWCH,"Switch, Inc.",15.86,3886751565.58,,2017,Technology,"Computer Software: Programming, Data Processing",https://www.nasdaq.com/symbol/swch,
SYKE,"Sykes Enterprises, Incorporated",29.73,1236497784.03,,1996,Technology,EDP Services,https://www.nasdaq.com/symbol/syke,
SYMC,Symantec Corporation,24.41,15086152015.07,,1989,Technology,Computer Software: Prepackaged Software,https://www.nasdaq.com/symbol/symc,
SYNC,"Synacor, Inc.",1.46,52649667.36,,2012,Technology,"Computer Software: Programming, Data Processing",https://www.nasdaq.com/symbol/sync,
SYNA,Synaptics Incorporated,38.19,1256866927.29,,2002,Technology,Semiconductors,https://www.nasdaq.com/symbol/syna,
SNCR,"Synchronoss Technologies, Inc.",6.16,273399588,,2018,Technology,EDP Services,https://www.nasdaq.com/symbol/sncr,
SNX,Synnex Corporation,91.68,4682592488.64,,2003,Technology,Retail: Computer Software & Peripheral Equipment,https://www.nasdaq.com/symbol/snx,
SNPS,"Synopsys, Inc.",141.26,21229483138.36,,1992,Technology,Computer Software: Prepackaged Software,https://www.nasdaq.com/symbol/snps,
TAIT,Taitron Components Incorporated,2.56,14727288.32,,1995,Technology,Electronic Components,https://www.nasdaq.com/symbol/tait,
TSM,Taiwan Semiconductor Manufacturing Company Ltd.,43.85,227409432600,,1997,Technology,Semiconductors,https://www.nasdaq.com/symbol/tsm,
TTWO,"Take-Two Interactive Software, Inc.",132.17,14958749873.51,,1997,Technology,Computer Software: Prepackaged Software,https://www.nasdaq.com/symbol/ttwo,
TLND,Talend S.A.,37.19,1133618885.8,30481820,2016,Technology,Computer Software: Prepackaged Software,https://www.nasdaq.com/symbol/tlnd,
TAOP,Taoping Inc.,0.5281,22053542.0803,,,Technology,Computer Software: Prepackaged Software,https://www.nasdaq.com/symbol/taop,
TRNX,"Taronis Technologies, Inc.",1.85,31890000.3,,,Technology,Industrial Machinery/Components,https://www.nasdaq.com/symbol/trnx,
TEL,TE Connectivity Ltd.,95.09,31944083683.22,,,Technology,Electronic Components,https://www.nasdaq.com/symbol/tel,
TECD,Tech Data Corporation,104.13,3799241779.32,,1986,Technology,Retail: Computer Software & Peripheral Equipment,https://www.nasdaq.com/symbol/tecd,
TCCO,Technical Communications Corporation,2.59,4792543.77,,,Technology,Radio And Television Broadcasting And Communications Equipment,https://www.nasdaq.com/symbol/tcco,
TLRA,"Telaria, Inc.",9.52,437208151.52,,2013,Technology,Advertising,https://www.nasdaq.com/symbol/tlra,
TENB,"Tenable Holdings, Inc.",23.37,2263892096.4,,2018,Technology,Computer Software: Prepackaged Software,https://www.nasdaq.com/symbol/tenb,
TNC,Tennant Company,68.25,1242526740,,,Technology,Industrial Machinery/Components,https://www.nasdaq.com/symbol/tnc,
TDC,Teradata Corporation,33.32,3801812000,,,Technology,Computer Software: Prepackaged Software,https://www.nasdaq.com/symbol/tdc,
TESS,TESSCO Technologies Incorporated,15.45,131650655.1,,1994,Technology,Electronic Components,https://www.nasdaq.com/symbol/tess,
TXN,Texas Instruments Incorporated,127.1,118663093992.7,,,Technology,Semiconductors,https://www.nasdaq.com/symbol/txn,
TGH,Textainer Group Holdings Limited,9.95,571592854.1,,2007,Technology,Diversified Commercial Services,https://www.nasdaq.com/symbol/tgh,
DSGX,The Descartes Systems Group Inc.,39.75,3344006751,,,Technology,Computer Software: Prepackaged Software,https://www.nasdaq.com/symbol/dsgx,
MIDD,The Middleby Corporation,116.66,6494619807.66,,,Technology,Industrial Machinery/Components,https://www.nasdaq.com/symbol/midd,
RUBI,"The Rubicon Project, Inc.",9.58,507653109.4,,2014,Technology,"Computer Software: Programming, Data Processing",https://www.nasdaq.com/symbol/rubi,
TSG,The Stars Group Inc.,16.46,4735924448.1,,,Technology,"Computer Software: Programming, Data Processing",https://www.nasdaq.com/symbol/tsg,
TTD,"The Trade Desk, Inc.",213.67,9611664828.63,,2016,Technology,"Computer Software: Programming, Data Processing",https://www.nasdaq.com/symbol/ttd,
TSEM,Tower Semiconductor Ltd.,19.63,2089260160,,1994,Technology,Semiconductors,https://www.nasdaq.com/symbol/tsem,
TACT,TransAct Technologies Incorporated,11.82,88292421.36,,1996,Technology,Computer peripheral equipment,https://www.nasdaq.com/symbol/tact,
TZOO,Travelzoo,11.96,140359857.04,,,Technology,EDP Services,https://www.nasdaq.com/symbol/tzoo,
TRT,Trio-Tech International,3.4,12488387,,,Technology,Industrial Machinery/Components,https://www.nasdaq.com/symbol/trt,
TRIP,"TripAdvisor, Inc.",39.61,5517678426.57,,,Technology,"Computer Software: Programming, Data Processing",https://www.nasdaq.com/symbol/trip,
TRTN,Triton International Limited,33.13,2447674250.13,,2016,Technology,Diversified Commercial Services,https://www.nasdaq.com/symbol/trtn,
TRVG,trivago N.V.,4.425,164481108.6,37170872,2016,Technology,EDP Services,https://www.nasdaq.com/symbol/trvg,
TBI,"TrueBlue, Inc.",20.74,831053189.58,,,Technology,Professional Services,https://www.nasdaq.com/symbol/tbi,
TRUE,"TrueCar, Inc.",4.37,464027152.11,,2014,Technology,"Computer Software: Programming, Data Processing",https://www.nasdaq.com/symbol/true,
TSRI,"TSR, Inc.",4.176,8193570.912,,,Technology,EDP Services,https://www.nasdaq.com/symbol/tsri,
TTEC,"TTEC Holdings, Inc.",47.47,2206550098.68,,1996,Technology,Professional Services,https://www.nasdaq.com/symbol/ttec,
TTMI,"TTM Technologies, Inc.",11.76,1240593469.92,,2000,Technology,Electrical Products,https://www.nasdaq.com/symbol/ttmi,
TCX,Tucows Inc.,53.93,575082069.63,,,Technology,EDP Services,https://www.nasdaq.com/symbol/tcx,
TUFN,Tufin Software Technologies Ltd.,15.87,514757272.77,,2019,Technology,EDP Services,https://www.nasdaq.com/symbol/tufn,
TWLO,Twilio Inc.,111.88,15203103904.84,,2016,Technology,Computer Software: Prepackaged Software,https://www.nasdaq.com/symbol/twlo,
TWIN,"Twin Disc, Incorporated",9.93,131475960.54,,,Technology,Industrial Machinery/Components,https://www.nasdaq.com/symbol/twin,
TWTR,"Twitter, Inc.",44.26,34213761498.82,,2013,Technology,"Computer Software: Programming, Data Processing",https://www.nasdaq.com/symbol/twtr,
TYL,"Tyler Technologies, Inc.",253.72,9789224971.36,,,Technology,Computer Software: Prepackaged Software,https://www.nasdaq.com/symbol/tyl,
UBER,"Uber Technologies, Inc.",32.24,54808116096.24,,2019,Technology,Computer Software: Prepackaged Software,https://www.nasdaq.com/symbol/uber,
UI,Ubiquiti Inc.,111.73,7669224070.24,,,Technology,Radio And Television Broadcasting And Communications Equipment,https://www.nasdaq.com/symbol/ui,
UCTT,"Ultra Clean Holdings, Inc.",13.73,542957394.63,,2004,Technology,Semiconductors,https://www.nasdaq.com/symbol/uctt,
UIS,Unisys Corporation,7.51,388901091.83,,,Technology,EDP Services,https://www.nasdaq.com/symbol/uis,
UMC,United Microelectronics Corporation,2.15,5034543189.25,,,Technology,Semiconductors,https://www.nasdaq.com/symbol/umc,
URI,"United Rentals, Inc.",120.72,9315092491.68,,1997,Technology,Diversified Commercial Services,https://www.nasdaq.com/symbol/uri,
UUU,"Universal Security Instruments, Inc.",0.98,2266629.26,,,Technology,Electronic Components,https://www.nasdaq.com/symbol/uuu,
UPLD,"Upland Software, Inc.",36.44,920056287.44,,2014,Technology,Computer Software: Prepackaged Software,https://www.nasdaq.com/symbol/upld,
UPWK,Upwork Inc.,14.35,1590033224.15,,2018,Technology,EDP Services,https://www.nasdaq.com/symbol/upwk,
VRNS,"Varonis Systems, Inc.",65.99,2001396654.13,,2014,Technology,Computer Software: Prepackaged Software,https://www.nasdaq.com/symbol/vrns,
VECO,Veeco Instruments Inc.,9.97,488244528.99,,1994,Technology,Industrial Machinery/Components,https://www.nasdaq.com/symbol/veco,
VEEV,Veeva Systems Inc.,144.51,21281352867.57,,2013,Technology,Computer Software: Prepackaged Software,https://www.nasdaq.com/symbol/veev,
VRNT,Verint Systems Inc.,45.03,2961772959.84,,2002,Technology,EDP Services,https://www.nasdaq.com/symbol/vrnt,
VRSN,"VeriSign, Inc.",201.88,23896908674.24,,1998,Technology,EDP Services,https://www.nasdaq.com/symbol/vrsn,
VRSK,"Verisk Analytics, Inc.",160.2,26193670972.2,,2009,Technology,EDP Services,https://www.nasdaq.com/symbol/vrsk,
VERI,"Veritone, Inc.",4.27,94894144.31,,2017,Technology,EDP Services,https://www.nasdaq.com/symbol/veri,
VSAT,"ViaSat, Inc.",79.42,4868190982.38,,1996,Technology,Radio And Television Broadcasting And Communications Equipment,https://www.nasdaq.com/symbol/vsat,
VIAV,Viavi Solutions Inc.,13.93,3187944341.19,,,Technology,Semiconductors,https://www.nasdaq.com/symbol/viav,
VRTU,Virtusa Corporation,40.38,1221371719.86,,2007,Technology,EDP Services,https://www.nasdaq.com/symbol/vrtu,
VMW,"Vmware, Inc.",147.44,60375795360,,2007,Technology,Computer Software: Prepackaged Software,https://www.nasdaq.com/symbol/vmw,
VOXX,VOXX International Corporation,4.74,114703515.96,,,Technology,Electronic Components,https://www.nasdaq.com/symbol/voxx,
VUZI,Vuzix Corporation,2.18,72122291.6,,,Technology,Radio And Television Broadcasting And Communications Equipment,https://www.nasdaq.com/symbol/vuzi,
WSTG,"Wayside Technology Group, Inc.",14.485,65286647.15,,,Technology,Retail: Computer Software & Peripheral Equipment,https://www.nasdaq.com/symbol/wstg,
WB,Weibo Corporation,49.61,3700277391.69,74587329,2014,Technology,"Computer Software: Programming, Data Processing",https://www.nasdaq.com/symbol/wb,
WBT,"Welbilt, Inc.",16.04,2262576174.6,,2016,Technology,Industrial Machinery/Components,https://www.nasdaq.com/symbol/wbt,
WDC,Western Digital Corporation,62.75,18574243156.25,,,Technology,Electronic Components,https://www.nasdaq.com/symbol/wdc,
WYY,WidePoint Corporation,0.33,27975811.38,,,Technology,EDP Services,https://www.nasdaq.com/symbol/wyy,
WIT,Wipro Limited,3.79,22776273862.6,,,Technology,EDP Services,https://www.nasdaq.com/symbol/wit,
WIX,Wix.com Ltd.,134.71,6716995830.27,,2013,Technology,"Computer Software: Programming, Data Processing",https://www.nasdaq.com/symbol/wix,
WDAY,"Workday, Inc.",171.04,38655040000,,,Technology,EDP Services,https://www.nasdaq.com/symbol/wday,
WK,Workiva Inc.,44.18,2035802162.14,,2014,Technology,Computer Software: Prepackaged Software,https://www.nasdaq.com/symbol/wk,
WPP,WPP plc,61.73,15579474808.9,,,Technology,Advertising,https://www.nasdaq.com/symbol/wpp,
XRX,Xerox Holdings Corporation,31.3,7102158332.1,,,Technology,Computer peripheral equipment,https://www.nasdaq.com/symbol/xrx,
XLNX,"Xilinx, Inc.",105.51,26652326433.93,,1990,Technology,Semiconductors,https://www.nasdaq.com/symbol/xlnx,
XPER,Xperi Corporation,19.37,955733174.89,,,Technology,Semiconductors,https://www.nasdaq.com/symbol/xper,
XNET,Xunlei Limited,2.69,104661500.49,38907621,2014,Technology,Computer Software: Prepackaged Software,https://www.nasdaq.com/symbol/xnet,
YNDX,Yandex N.V.,37.48,12252157654,,2011,Technology,"Computer Software: Programming, Data Processing",https://www.nasdaq.com/symbol/yndx,
YEXT,"Yext, Inc.",16.16,1795557250.56,,2017,Technology,EDP Services,https://www.nasdaq.com/symbol/yext,
YY,YY Inc.,57.74,2905041036.22,50312453,2012,Technology,EDP Services,https://www.nasdaq.com/symbol/yy,
ZBRA,Zebra Technologies Corporation,196.81,10650656359.59,,1991,Technology,Industrial Machinery/Components,https://www.nasdaq.com/symbol/zbra,
ZDGE,"Zedge, Inc.",1.55,16052943.9,,2016,Technology,Computer Software: Prepackaged Software,https://www.nasdaq.com/symbol/zdge,
ZEN,"Zendesk, Inc.",75.62,8392594729.14,,2014,Technology,EDP Services,https://www.nasdaq.com/symbol/zen,
ZIXI,Zix Corporation,7.45,414215001.05,,,Technology,EDP Services,https://www.nasdaq.com/symbol/zixi,
ZM,"Zoom Video Communications, Inc.",78.65,21428388417.15,,2019,Technology,"Computer Software: Programming, Data Processing",https://www.nasdaq.com/symbol/zm,
ZS,"Zscaler, Inc.",62.02,7793552774.56,,2018,Technology,EDP Services,https://www.nasdaq.com/symbol/zs,
ZUO,"Zuora, Inc.",15.46,1717460444.1,,2018,Technology,Computer Software: Prepackaged Software,https://www.nasdaq.com/symbol/zuo,
ZNGA,Zynga Inc.,5.74,5404984285.82,,2011,Technology,EDP Services,https://www.nasdaq.com/symbol/znga,
